<?xml version="1.0" encoding="utf-8"?>
<ClientRequest>
<TemplateID>123</TemplateID>
<Members>
<Member>
<MemberLastName>Alex</MemberLastName>
  <MemberFirstName>Andrew</MemberFirstName>
  <MemberID>123</MemberID>
<Email>xxx@mail.com</Email>
  <address>Apt 201</address>
    <City>NewYork
        <District>
        <DistrictName>Bronx</DistrictName>
  <SensorDetails>
  <SensorDetail>
            <Sensor>Sensor1</Sensor>
            <Co2Emission>18.2</Co2Emission>
            <CapturedDate>2020-08-10T12:05:00</CapturedDate>
</SensorDetail>
  <SensorDetail>
            <Sensor>Sensor1</Sensor>
            <Co2Emission>19.4</Co2Emission>
            <CapturedDate>2020-08-10T12:10:00</CapturedDate>
</SensorDetail>

 <SensorDetail>
            <Sensor>Sensor2</Sensor>
            <Co2Emission>10.3</Co2Emission>
            <CapturedDate>2020-08-10T12:05:00</CapturedDate>
 </SensorDetail>

<SensorDetail>
            <Sensor>Sensor2</Sensor>
            <Co2Emission>8.3</Co2Emission>
            <CapturedDate>2020-08-10T12:10:00</CapturedDate>
 </SensorDetail>

 </SensorDetails>
    </District>
        <District>
        <DistrictName>Manhattan</DistrictName>
        <SensorDetails>
          <SensorDetail>
            <Sensor>Sensor3</Sensor>
<Co2Emission>10.1</Co2Emission>
            <CapturedDate>2020-08-10T12:05:00</CapturedDate>
          </SensorDetail>
          <SensorDetail>
            <Sensor>Sensor4</Sensor>
<Co2Emission>7.1</Co2Emission>
            <CapturedDate>2020-08-10T12:05:00</CapturedDate>
          </SensorDetail>
          <SensorDetail>
            <Sensor>Sensor5</Sensor>
<Co2Emission>18</Co2Emission>
            <CapturedDate>2020-08-10T12:05:00</CapturedDate>
          </SensorDetail>
         </SensorDetails>
          </District>
 <District>
        <DistrictName>Brooklyn</DistrictName>
        <SensorDetails>
          <SensorDetail>
            <Sensor>Sensor6</Sensor>
            <CapturedDate>2020-08-10T12:05:00</CapturedDate>
<Co2Emission>53.1</Co2Emission>
          </SensorDetail>
</SensorDetails>
</District>
          </City>
          </Member>
         <Member>
<MemberLastName>Peter</MemberLastName>
  <MemberFirstName>Jones</MemberFirstName>
  <MemberID>124</MemberID>
<Email>yyy@mail.com</Email>
  <address>Apt 204</address>
    <City>Los Angeles
        <District>
        <DistrictName>Downtown</DistrictName>
  <SensorDetails>
  <SensorDetail>
            <Sensor>Sensor6</Sensor>
            <Co2Emission>32.4</Co2Emission>
            <CapturedDate>2020-08-10T12:05:00</CapturedDate>
</SensorDetail>
 <SensorDetail>
            <Sensor>Sensor7</Sensor>
            <Co2Emission>23.6</Co2Emission>
            <CapturedDate>2020-08-10T12:05:00</CapturedDate>
 </SensorDetail>
 </SensorDetails>
    </District>
        <District>
        <DistrictName>San Marino</DistrictName>
        <SensorDetails>
          <SensorDetail>
            <Sensor>Sensor8</Sensor>
<Co2Emission>181</Co2Emission>
            <CapturedDate>2020-08-10T12:05:00</CapturedDate>
          </SensorDetail>
          <SensorDetail>
            <Sensor>Sensor9</Sensor>
<Co2Emission>71</Co2Emission>
            <CapturedDate>2020-08-10T12:05:00</CapturedDate>
          </SensorDetail>
         </SensorDetails>
          </District>
          </City>
          </Member>
   </Members>
</ClientRequest>